{"max_offsets_vs_dB": [0.014000000000000123, -0.07399999999999995, -0.04999999999999993, -0.03599999999999992, -0.04799999999999993, -0.05999999999999994, -0.051999999999999935, -0.06599999999999995, -0.12, -0.10199999999999998, -0.118, -0.08999999999999997, 0.002000000000000113, -0.06399999999999995, -0.06599999999999995, -0.0019999999999998908, -0.12], "db_values": [16, 18, 20, 22, 24, 26, 28, 30, 32, 34, 36, 38, 40, 42, 44, 46, 48]}